"AverageShortestPathLength","BetweennessCentrality","ClosenessCentrality","ClusteringCoefficient","Degree","Eccentricity","IsSingleNode","label","logFoldChange","name","NeighborhoodConnectivity","nodeType","NumberOfDirectedEdges","NumberOfUndirectedEdges","PartnerOfMultiEdgedNodePairs","prize","Radiality","selected","SelfLoops","shared name","Stress","TopologicalCoefficient","type"
"8.169712793733682","0.005242437083920003","0.12240332374560561","0.0","4","15","false","0",,"ABCF1","1.75","proteins","0","4","0","1000","0.44848363125125523","false","0","ABCF1","3882","0.75","Steiner"
"9.167101827676241","0.0","0.10908573056109369","0.0","1","16","false","1","0.405918622685184","ABCF1-S109","4.0","phosphosite","0","1","0","1000","0.3717613978710584","false","0","ABCF1-S109","0","0.0","Terminal"
"7.323759791122716","0.026278196604129122","0.13654188948306595","0.0","2","14","false","2",,"ABI1","4.0","proteins","0","2","0","1000","0.5135569391444065","true","0","ABI1","4996","0.5","Steiner"
"7.4281984334203655","0.017048277044117748","0.13462214411247803","0.0","2","14","false","3","0.0668543460648155","ACIN1","5.0","proteins","0","2","0","1","0.5055231974292027","false","0","ACIN1","4484","0.5","Steiner"
"7.396866840731071","0.006729096160493367","0.1351923755735969","0.0","2","12","false","4","-0.14795946875","ACP1","2.5","proteins","0","2","0","722","0.5079333199437638","false","0","ACP1","1718","0.5","Steiner"
"6.879895561357702","0.013612825825585376","0.14535104364326376","0.0","3","12","false","5",,"ACTB","3.0","proteins","0","3","0","1000","0.5477003414340229","false","0","ACTB","2874","0.3333333333333333","Steiner"
"6.295039164490862","0.0936802631970536","0.15885524678556615","0.0","4","12","false","6","0.345076837962961","ACTB-S33","3.0","phosphosite","0","4","0","1000","0.5926892950391645","false","0","ACTB-S33","27646","0.25","Terminal"
"10.610966057441253","3.2124451492078243E-4","0.09424212598425197","0.0","2","17","false","7",,"AGER","2.5","proteins","0","2","0","228","0.26069491865836514","false","0","AGER","48","0.5","Steiner"
"8.096605744125327","0.012409753725557584","0.12350854563044178","0.0","2","13","false","8",,"AIM2","4.0","proteins","0","2","0","482","0.4541072504518979","false","0","AIM2","2732","0.5","Steiner"
"8.673629242819842","0.009124515936266649","0.11529199277543649","0.0","2","15","false","9","-0.081493315972222","AK2","3.0","proteins","0","2","0","1","0.40972082747539673","false","0","AK2","2336","0.5","Steiner"
"7.27154046997389","0.053444136763826956","0.13752244165170557","0.13333333333333333","6","13","false","10",,"AKAP13","4.333333333333333","proteins","0","6","0","1000","0.5175738100020084","false","0","AKAP13","17268","0.21296296296296297","Steiner"
"8.26892950391645","0.0","0.12093463845910955","0.0","1","14","false","11","0.602551476273146","AKAP13-S1602","6.0","phosphosite","0","1","0","1000","0.44085157662181157","false","0","AKAP13-S1602","0","0.0","Terminal"
"6.276762402088773","0.063379952095545","0.15931780366056572","0.0","4","12","false","12",,"AKT1","3.75","proteins","0","4","0","1000","0.5940951998393251","false","0","AKT1","20672","0.25","Steiner"
"7.592689295039165","0.008929328159571618","0.13170563961485557","0.0","2","13","false","13",,"AKT2","2.5","proteins","0","2","0","1","0.49287005422775654","false","0","AKT2","2426","0.5","Steiner"
"8.143603133159269","0.02178648620558044","0.12279576787431869","0.0","4","15","false","14","0.0901168807870362","AMPD3","2.0","proteins","0","4","0","1000","0.4504920666800562","false","0","AMPD3","5406","0.25","Steiner"
"9.140992167101828","0.0","0.10939731505284205","0.0","1","16","false","15","0.441109832175924","AMPD3-S87","4.0","phosphosite","0","1","0","1000","0.37376983329985936","false","0","AMPD3-S87","0","0.0","Terminal"
"6.906005221932115","0.09144242912167681","0.1448015122873346","0.0","3","14","false","16",,"ARF1","6.0","proteins","0","3","0","1000","0.5456919060052219","false","0","ARF1","26262","0.4166666666666667","Steiner"
"7.650130548302872","0.012314220206996481","0.13071672354948805","0.0","4","14","false","17",,"ARGLU1","2.5","proteins","0","4","0","1000","0.48845149628439444","false","0","ARGLU1","3886","0.25","Steiner"
"8.647519582245431","0.0","0.11564009661835747","0.0","1","15","false","18","0.383086510416664","ARGLU1-S77","4.0","phosphosite","0","1","0","1000","0.4117292629041976","false","0","ARGLU1-S77","0","0.0","Terminal"
"11.704960835509139","0.0052287671045616714","0.0854338612536248","0.0","3","18","false","19","-0.00281468750000013","ARHGAP25","1.6666666666666667","proteins","0","3","0","1000","0.17654147419160468","false","0","ARHGAP25","3234","0.6666666666666666","Steiner"
"12.702349869451696","0.0","0.07872559095580679","0.0","1","19","false","20","0.90025094155092","ARHGAP25-S379","3.0","phosphosite","0","1","0","1000","0.09981924081140797","false","0","ARHGAP25-S379","0","0.0","Terminal"
"10.718015665796345","0.005194592156165844","0.0933008526187576","0.0","2","17","false","21",,"ARHGAP25-S395","3.0","proteins","0","2","0","55","0.2524603334002811","false","0","ARHGAP25-S395","3228","0.6666666666666666","Steiner"
"10.718015665796345","0.005194592156165844","0.0933008526187576","0.0","2","17","false","22",,"ARHGAP25-T393","3.0","proteins","0","2","0","945","0.2524603334002811","false","0","ARHGAP25-T393","3228","0.6666666666666666","Steiner"
"7.514360313315927","0.05749794710833058","0.13307852675469076","0.0","10","14","false","23",,"ARHGAP30","2.7","proteins","0","10","0","1000","0.49889536051415945","true","0","ARHGAP30","18842","0.13076923076923078","Steiner"
"8.511749347258485","0.0","0.11748466257668712","0.0","1","15","false","24","0.666495636574069","ARHGAP30-S291","10.0","phosphosite","0","1","0","1000","0.4221731271339627","false","0","ARHGAP30-S291","0","0.0","Terminal"
"7.284595300261096","0.022239559225557978","0.13727598566308244","0.0","2","14","false","25","-0.236215090277777","ARHGDIA","5.0","proteins","0","2","0","3","0.516569592287608","true","0","ARHGDIA","8378","0.5","Steiner"
"7.684073107049608","0.008430708198358746","0.13013931362555217","0.0","2","15","false","26","-0.330162515046294","ARRB1","3.5","proteins","0","2","0","534","0.4858405302269532","false","0","ARRB1","3736","0.625","Steiner"
"8.407310704960835","0.021247047865231673","0.11894409937888199","0.0","2","16","false","27",,"ARRB2","3.0","proteins","0","2","0","608","0.43020686884916653","true","0","ARRB2","5566","0.5","Steiner"
"8.148825065274151","0.0047271439572507176","0.12271707785966038","0.0","2","15","false","28",,"ATRX","5.5","proteins","0","2","0","419","0.4500903795942961","false","0","ATRX","1112","0.5","Steiner"
"8.793733681462141","0.021925084852864752","0.11371733966745842","0.3333333333333333","3","15","false","29","-0.147205162037035","B2M","3.0","proteins","0","3","0","817","0.4004820245029122","false","0","B2M","5998","0.4444444444444444","Steiner"
"7.45953002610966","0.021266093959626694","0.13405670283514176","0.0","4","14","false","30",,"BCAR1","3.0","proteins","0","4","0","994","0.5031130749146415","false","0","BCAR1","8574","0.2857142857142857","Steiner"
"8.18798955613577","0.012196062655373967","0.12213010204081633","0.0","2","15","false","31","0.133058599537036","BCLAF1","2.0","proteins","0","2","0","1000","0.4470777264510946","false","0","BCLAF1","3838","0.5","Steiner"
"7.253263707571802","0.0170728277914586","0.1378689704823614","0.0","2","14","false","32","0.466680239004626","BCLAF1-S648","6.5","phosphosite","0","2","0","1000","0.5189797148021691","false","0","BCLAF1-S648","5238","0.5","Terminal"
"10.310704960835508","0.0","0.09698657888072931","1.0","2","18","false","33",,"BET1","4.0","proteins","0","2","0","734","0.28379192608957626","false","0","BET1","0","0.8","Steiner"
"10.310704960835508","0.0","0.09698657888072931","1.0","2","18","false","34",,"BET1L","4.0","proteins","0","2","0","196","0.28379192608957626","false","0","BET1L","0","0.8","Steiner"
"8.159268929503916","0.011268050068577734","0.12256","0.0","2","14","false","35",,"BRD4","4.0","proteins","0","2","0","18","0.44928700542277566","false","0","BRD4","2504","0.5","Steiner"
"10.968668407310705","0.0035159114745332526","0.09116876934063319","0.0","2","18","false","36","-0.111994775462963","C3","2.0","proteins","0","2","0","2","0.2331793532837919","false","0","C3","918","0.5","Steiner"
"6.7676240208877285","0.013735070552972751","0.14776234567901234","0.0","2","12","false","37",,"CAMK2A","4.0","proteins","0","2","0","219","0.556336613777867","false","0","CAMK2A","4602","0.5","Steiner"
"7.8433420365535245","0.016390142512789554","0.12749667110519308","0.0","2","13","false","38",,"CAMK2B","3.5","proteins","0","2","0","754","0.4735890741112673","false","0","CAMK2B","6164","0.5","Steiner"
"6.8433420365535245","0.014583399784621873","0.1461274322777566","0.0","2","12","false","39",,"CAMK2D","4.0","proteins","0","2","0","367","0.5505121510343443","false","0","CAMK2D","5238","0.5","Steiner"
"7.14621409921671","0.02528874724580982","0.13993423456339057","0.0","4","12","false","40","-0.162135054398147","CAMK2G","1.75","proteins","0","4","0","1000","0.527214300060253","false","0","CAMK2G","8858","0.25","Steiner"
"8.143603133159269","0.0","0.12279576787431869","0.0","1","13","false","41","0.410433952546293","CAMK2G-T287","4.0","phosphosite","0","1","0","1000","0.4504920666800562","false","0","CAMK2G-T287","0","0.0","Terminal"
"10.843342036553524","0.0072021126113234486","0.09222248976643391","0.0","3","17","false","42","-0.0925183622685171","CAPZA1","2.6666666666666665","proteins","0","3","0","392","0.24281984334203657","false","0","CAPZA1","1738","0.3333333333333333","Steiner"
"8.47780678851175","0.010428518050556784","0.11795503541730828","0.0","2","14","false","43","-0.159349165509257","CASP1","2.0","proteins","0","2","0","482","0.42478409319140387","false","0","CASP1","2256","0.5","Steiner"
"7.7702349869451695","0.00636710751265178","0.12869623655913978","0.0","2","14","false","44",,"CBL","4.0","proteins","0","2","0","3","0.47921269331191","false","0","CBL","2090","0.5","Steiner"
"9.851174934725849","0.016682571579158183","0.10151073416379539","0.3333333333333333","3","16","false","45",,"CBLL1","3.0","proteins","0","3","0","872","0.3191403896364732","false","0","CBLL1","5762","0.4444444444444444","Steiner"
"9.840731070496084","0.005221932114882507","0.10161846643672062","0.0","2","17","false","46",,"CCDC86","1.5","proteins","0","2","0","1000","0.31994376380799355","false","0","CCDC86","1130","0.5","Steiner"
"10.838120104438643","0.0","0.09226692363285954","0.0","1","18","false","47","0.541029631944441","CCDC86-S18","2.0","phosphosite","0","1","0","1000","0.24322153042779673","false","0","CCDC86-S18","0","0.0","Terminal"
"6.984334203655353","0.05550687141551095","0.14317757009345794","0.0","3","13","false","48",,"CCL4","3.6666666666666665","proteins","0","3","0","997","0.539666599718819","false","0","CCL4","18250","0.38095238095238093","Steiner"
"7.822454308093994","0.0035980036622525616","0.12783711615487317","0.0","2","14","false","49",,"CCNH","2.0","proteins","0","2","0","129","0.47519582245430814","false","0","CCNH","924","0.5","Steiner"
"7.211488250652741","0.04802356738546475","0.1386676321506155","0.0","3","14","false","50",,"CCR5","5.333333333333333","proteins","0","3","0","999","0.5221932114882507","false","0","CCR5","17652","0.3611111111111111","Steiner"
"9.114882506527415","0.012887691299336193","0.10971068461758808","0.0","2","16","false","51",,"CD19","2.0","proteins","0","2","0","2","0.3757782687286604","false","0","CD19","3606","0.5","Steiner"
"10.451697127937337","0.004382172509329054","0.09567824131901075","0.0","2","17","false","52",,"CD209","3.0","proteins","0","2","0","183","0.27294637477405104","false","0","CD209","1422","0.5","Steiner"
"7.691906005221932","0.0025389382852508075","0.13000678886625935","0.6666666666666666","3","14","false","53",,"CD247","5.666666666666667","proteins","0","3","0","305","0.48523799959831293","false","0","CD247","834","0.4358974358974359","Steiner"
"6.921671018276762","0.14485836920673326","0.14447378347793285","0.03636363636363636","11","13","false","54",,"CD4","2.8181818181818183","proteins","0","11","0","1000","0.5444868447479414","false","0","CD4","46442","0.13068181818181818","Steiner"
"9.43603133159269","0.009338310073754965","0.10597675705589375","0.0","3","16","false","55","-0.00973662037037005","CD44","1.6666666666666667","proteins","0","3","0","1000","0.3510745129544085","false","0","CD44","3026","0.3333333333333333","Steiner"
"10.433420365535248","0.0","0.09584584584584585","0.0","1","17","false","56","0.417453350694442","CD44-S697","3.0","phosphosite","0","1","0","1000","0.27435227957421165","false","0","CD44-S697","0","0.0","Terminal"
"8.70757180156658","0.012002133384715098","0.11484257871064467","0.0","2","15","false","57","0.152194149305554","CD74","3.5","proteins","0","2","0","1000","0.4071098614179554","false","0","CD74","3992","0.5","Steiner"
"7.864229765013055","0.026800710824002864","0.12715803452855245","0.3333333333333333","3","14","false","58",,"CD8A","5.666666666666667","proteins","0","3","0","817","0.4719823257682266","false","0","CD8A","7228","0.41025641025641024","Steiner"
"6.420365535248042","0.10741133793609603","0.1557543716958113","0.0","5","13","false","59","-0.189842555555554","CDC42","3.2","proteins","0","5","0","1000","0.5830488049809198","true","0","CDC42","40902","0.2","Steiner"
"9.402088772845953","0.019055321972495563","0.10635934462649263","0.0","2","15","false","60",,"CDH1","2.5","proteins","0","2","0","872","0.3536854790118497","false","0","CDH1","6784","0.5","Steiner"
"7.1592689295039165","0.006945098108139948","0.13967906637490882","0.0","2","13","false","61",,"CDK7","2.5","proteins","0","2","0","129","0.5262100823458525","false","0","CDK7","1828","0.5","Steiner"
"8.464751958224543","0.004422108132140532","0.11813695249845775","0.0","2","14","false","62",,"CDKN1A","2.0","proteins","0","2","0","1","0.4257883109058044","false","0","CDKN1A","1162","0.5","Steiner"
"7.023498694516971","0.02974752958519858","0.14237918215613382","0.0","2","13","false","63",,"CHEK1","3.0","proteins","0","2","0","1000","0.5366539465756176","false","0","CHEK1","7484","0.5","Steiner"
"6.976501305483029","0.043594914897869014","0.1433383233532934","0.0","2","13","false","64",,"CHUK","3.5","proteins","0","2","0","680","0.5402691303474593","false","0","CHUK","11406","0.5","Steiner"
"6.289817232375979","0.10207756959085473","0.15898713158987132","0.0","11","13","false","65",,"CLK1","2.090909090909091","proteins","0","11","0","1000","0.5930909821249247","false","0","CLK1","38520","0.10909090909090909","Steiner"
"8.169712793733682","0.002814910058712534","0.12240332374560561","0.0","2","15","false","66",,"CLNS1A","3.0","proteins","0","2","0","411","0.44848363125125523","false","0","CLNS1A","1384","0.5","Steiner"
"7.809399477806789","0.005984536889284473","0.1280508191240388","0.0","2","14","false","67","-0.36147848148148","CLTA","8.0","proteins","0","2","0","3","0.47620004016870854","false","0","CLTA","4290","0.6363636363636364","Steiner"
"7.809399477806789","0.005984536889284473","0.1280508191240388","0.0","2","14","false","68","-0.348939556712961","CLTB","8.0","proteins","0","2","0","21","0.47620004016870854","false","0","CLTB","4290","0.6363636363636364","Steiner"
"7.798955613577023","0.016401061160332825","0.12822229661868095","0.0","3","14","false","69","-0.200438017361109","COPA","6.0","proteins","0","3","0","1000","0.47700341434022897","false","0","COPA","7170","0.4166666666666667","Steiner"
"8.7911227154047","0.005221932114882507","0.11375111375111374","0.0","2","15","false","70","-0.232237309027776","COPB2","2.0","proteins","0","2","0","1000","0.4006828680457923","false","0","COPB2","1442","0.5","Steiner"
"9.788511749347258","0.0","0.10216057615364098","0.0","1","16","false","71","0.480811724537034","COPB2-S859","2.0","phosphosite","0","1","0","1000","0.32396063466559555","false","0","COPB2-S859","0","0.0","Terminal"
"10.06266318537859","0.007959663740657801","0.09937727036844837","0.0","2","17","false","72","0.294392332175924","CR2","2.0","proteins","0","2","0","2","0.30287206266318545","false","0","CR2","2242","0.5","Steiner"
"8.060052219321149","0.010524517107979171","0.12406867508908326","0.0","2","14","false","73",,"CREB1","5.5","proteins","0","2","0","1000","0.45691906005221933","false","0","CREB1","2190","0.5","Steiner"
"8.349869451697128","0.004342833101052175","0.11976235146966854","0.0","2","15","false","74",,"CRK","4.5","proteins","0","2","0","6","0.43462542679252864","false","0","CRK","1984","0.5","Steiner"
"8.159268929503916","2.733995871666234E-4","0.12256","0.0","2","15","false","75",,"CRKL","4.5","proteins","0","2","0","13","0.44928700542277566","false","0","CRKL","42","0.5","Steiner"
"8.605744125326371","0.02313476928872059","0.1162014563106796","0.0","2","14","false","76",,"CTNND1","3.5","proteins","0","2","0","872","0.41494275959027915","false","0","CTNND1","8332","0.5","Steiner"
"10.77023498694517","0.005221932114882507","0.09284848484848485","0.0","2","18","false","77",,"CTPS1","1.5","proteins","0","2","0","1000","0.24844346254267927","false","0","CTPS1","2058","0.5","Steiner"
"11.767624020887729","0.0","0.08497892167739073","0.0","1","19","false","78","0.57355118634259","CTPS1-S575","2.0","phosphosite","0","1","0","1000","0.17172122916248242","false","0","CTPS1-S575","0","0.0","Terminal"
"8.819843342036554","0.009570808214746263","0.11338069863824747","0.0","2","15","false","79",,"CXCL12","2.5","proteins","0","2","0","228","0.39847358907411123","false","0","CXCL12","2024","0.5","Steiner"
"7.856396866840731","0.032295936747565465","0.12728481222997673","0.0","3","14","false","80",,"CXCR4","5.0","proteins","0","3","0","232","0.47258485639686687","false","0","CXCR4","7294","0.3333333333333333","Steiner"
"7.5248041775456915","0.025203443298435196","0.1328938237335184","0.0","2","14","false","81","-0.238741739583332","CYFIP1","3.0","proteins","0","2","0","1000","0.4980919863426391","false","0","CYFIP1","4736","0.5","Steiner"
"8.655352480417754","0.0025466195117473944","0.11553544494720966","0.0","2","15","false","82",,"DAXX","2.5","proteins","0","2","0","419","0.41112673227555735","false","0","DAXX","596","0.5","Steiner"
"8.780678851174935","0.005221932114882507","0.11388641094261076","0.0","2","16","false","83","-0.0322298391203699","DBNL","3.0","proteins","0","2","0","1000","0.4014862422173127","false","0","DBNL","1372","0.5","Steiner"
"9.778067885117494","0.0","0.10226969292389852","0.0","1","17","false","84","0.690468515046291","DBNL-T291","2.0","phosphosite","0","1","0","1000","0.32476400883711587","false","0","DBNL-T291","0","0.0","Terminal"
"8.404699738903394","0.0021365260487374413","0.11898105001553277","0.0","2","16","false","85",,"DCAF15","3.0","proteins","0","2","0","1000","0.43040771239204656","false","0","DCAF15","454","0.5","Steiner"
"10.785900783289817","0.00437368736276505","0.09271362866134109","0.0","2","18","false","86","-0.210209174768518","DCTN2","2.5","proteins","0","2","0","160","0.2472384012853987","false","0","DCTN2","1126","0.5","Steiner"
"8.798955613577023","6.12323350283516E-4","0.11364985163204748","0.0","2","16","false","87",,"DDA1","2.0","proteins","0","2","0","1000","0.40008033741715204","false","0","DDA1","106","0.5","Steiner"
"8.161879895561357","0.0036703894577119187","0.12252079334612924","0.0","2","15","false","88",,"DDB2","2.0","proteins","0","2","0","1000","0.4490861618798956","false","0","DDB2","1042","0.5","Steiner"
"7.274151436031332","0.008252658263594247","0.13747307968413497","0.0","2","14","false","89","0.488648630208331","DDB2-S26","6.5","phosphosite","0","2","0","1000","0.5173729664591283","false","0","DDB2-S26","2340","0.5","Terminal"
"7.754569190600522","0.001972685543752549","0.12895622895622896","0.0","2","14","false","90",,"DDX23","2.5","proteins","0","2","0","1000","0.4804177545691906","false","0","DDX23","610","0.5","Steiner"
"7.172323759791123","0.004608941063006719","0.13942482708409173","0.0","2","14","false","91","0.509633162037035","DDX23-S109","6.5","phosphosite","0","2","0","1000","0.5252058646314521","false","0","DDX23-S109","1350","0.5","Terminal"
"7.023498694516971","0.016195898615621658","0.14237918215613382","0.0","2","13","false","92","-0.0848579675925915","DDX5","2.0","proteins","0","2","0","1000","0.5366539465756176","false","0","DDX5","4694","0.5","Steiner"
"6.339425587467363","0.019701336989076376","0.15774299835255354","0.0","2","12","false","93","0.641863358217589","DDX5-S520","7.5","phosphosite","0","2","0","1000","0.5892749548102029","false","0","DDX5-S520","5608","0.5","Terminal"
"10.29242819843342","0.01041652427104835","0.0971588026382547","0.0","2","16","false","94",,"DDX58","2.0","proteins","0","2","0","1000","0.28519783088973694","false","0","DDX58","2440","0.5","Steiner"
"7.4281984334203655","0.014245225108757698","0.13462214411247803","0.0","2","14","false","95",,"DGCR8","5.5","proteins","0","2","0","1000","0.5055231974292027","false","0","DGCR8","4120","0.5","Steiner"
"6.138381201044386","0.1069994299868171","0.16290940025521056","0.08888888888888889","10","12","false","96","0.150093483796295","DKC1","3.4","proteins","0","10","0","1000","0.6047399076119703","false","0","DKC1","30616","0.14285714285714285","Steiner"
"7.135770234986945","0.0","0.14013904134650568","0.0","1","13","false","97","0.454371932291664","DKC1-S494","10.0","phosphosite","0","1","0","1000","0.5280176742317735","false","0","DKC1-S494","0","0.0","Terminal"
"7.135770234986945","0.0","0.14013904134650568","0.0","1","13","false","98","0.850916798611106","DKC1-S513","10.0","phosphosite","0","1","0","1000","0.5280176742317735","false","0","DKC1-S513","0","0.0","Terminal"
"7.885117493472585","0.015488064914609283","0.12682119205298015","0.0","4","14","false","99",,"DOCK1","4.5","proteins","0","4","0","1000","0.47037557742518576","false","0","DOCK1","6800","0.2916666666666667","Steiner"
"8.501305483028721","0.006461148291285127","0.11762899262899262","0.0","3","15","false","100","-0.0266107812499984","DOCK2","4.333333333333333","proteins","0","3","0","1000","0.422976501305483","false","0","DOCK2","2032","0.37037037037037035","Steiner"
"9.498694516971279","0.0","0.10527762506871909","0.0","1","16","false","101","0.617056180555552","DOCK2-S1685","3.0","phosphosite","0","1","0","1000","0.34625426792528624","false","0","DOCK2-S1685","0","0.0","Terminal"
"7.412532637075718","0.005221932114882507","0.13490665727368792","0.0","2","14","false","102","-0.0419506018518518","DOCK8","3.0","proteins","0","2","0","1000","0.5067282586864832","true","0","DOCK8","1934","0.5","Steiner"
"8.409921671018276","0.0","0.11890717168581187","0.0","1","15","false","103","0.501027907986108","DOCK8-S451","2.0","phosphosite","0","1","0","1000","0.43000602530628645","false","0","DOCK8-S451","0","0.0","Terminal"
"8.315926892950392","0.009095092933076337","0.12025117739403453","0.0","2","14","false","104",,"EGLN1","3.0","proteins","0","2","0","1000","0.43723639284996985","false","0","EGLN1","1892","0.5","Steiner"
"7.4986945169712795","0.01041652427104835","0.13335654596100277","0.0","2","13","false","105",,"EIF1","4.5","proteins","0","2","0","1000","0.50010042177144","false","0","EIF1","2700","0.5","Steiner"
"7.3054830287206265","0.013718345047203739","0.13688348820586133","0.0","2","13","false","106","0.028103543981481","EIF1AX","5.0","proteins","0","2","0","3","0.5149628439445672","false","0","EIF1AX","3072","0.5","Steiner"
"6.511749347258486","0.08733139002642652","0.15356856455493184","0.09523809523809523","7","12","false","107","-0.0143922418981481","EIF3A","4.285714285714286","proteins","0","7","0","1000","0.5760192809801165","false","0","EIF3A","21950","0.16883116883116883","Steiner"
"7.4281984334203655","0.03310951454431558","0.13462214411247803","0.0","3","13","false","108",,"EIF3CL","3.3333333333333335","proteins","0","3","0","1000","0.5055231974292027","false","0","EIF3CL","7828","0.3333333333333333","Steiner"
"8.425587467362924","0.0","0.1186860861481252","0.0","1","14","false","109","1.32810080787036","EIF3CL-S39","3.0","phosphosite","0","1","0","1000","0.42880096404900586","false","0","EIF3CL-S39","0","0.0","Terminal"
"9.065274151436032","0.019700469053879028","0.11031105990783409","0.0","2","15","false","110",,"EIF3H","2.0","proteins","0","2","0","128","0.37959429604338213","false","0","EIF3H","4600","0.5","Steiner"
"8.287206266318538","0.023625803626623823","0.12066792690611215","0.0","2","14","false","111","-0.0643976527777777","EIF3K","2.5","proteins","0","2","0","128","0.4394456718216509","false","0","EIF3K","5536","0.5","Steiner"
"6.668407310704961","0.054317760252622034","0.14996084573218482","0.2","5","12","false","112","-0.15517800347222","EIF4A1","4.2","proteins","0","5","0","1000","0.5639686684073107","false","0","EIF4A1","11328","0.25333333333333335","Steiner"
"6.496083550913838","0.03453030253193648","0.1539389067524116","0.3333333333333333","3","12","false","113","0.180733408564813","EIF4B","5.333333333333333","proteins","0","3","0","861","0.577224342237397","false","0","EIF4B","9776","0.4166666666666667","Steiner"
"5.9634464751958225","0.06326222711570592","0.16768826619964974","0.0","4","11","false","114","0.502048044560181","EIF4B-S283","5.25","phosphosite","0","4","0","1000","0.6181964249849367","false","0","EIF4B-S283","19478","0.25","Terminal"
"7.088772845953002","0.059647039336224277","0.14106813996316758","0.0","4","13","false","115",,"EIF4E","3.25","proteins","0","4","0","1000","0.5316328580036151","false","0","EIF4E","11924","0.25","Steiner"
"8.490861618798956","0.005221932114882507","0.11777367773677737","0.0","2","14","false","116",,"EIF5B","1.5","proteins","0","2","0","1000","0.4237798754770034","false","0","EIF5B","1352","0.5","Steiner"
"9.488250652741515","0.0","0.10539350577875618","0.0","1","15","false","117","0.7393387037037","EIF5B-S214","2.0","phosphosite","0","1","0","1000","0.34705764209680656","false","0","EIF5B-S214","0","0.0","Terminal"
"8.872062663185378","6.233510587399011E-4","0.11271336080047087","0.0","2","15","false","118","-0.102308706018518","ELMO1","3.5","proteins","0","2","0","1000","0.39445671821650935","false","0","ELMO1","324","0.625","Steiner"
"9.007832898172325","0.007957229889344773","0.11101449275362318","0.0","2","16","false","119",,"EMD","2.0","proteins","0","2","0","1000","0.3840128539867443","false","0","EMD","2590","0.5","Steiner"
"6.383812010443864","0.033100970807216634","0.15664621676891616","0.0","2","12","false","120","0.377465954282405","EML3-S176","7.5","phosphosite","0","2","0","1000","0.5858606145812412","false","0","EML3-S176","8362","0.5","Terminal"
"7.754569190600522","0.011329841630034376","0.12895622895622896","0.0","2","14","false","121","-0.0653566261574068","ENO1","3.5","proteins","0","2","0","54","0.4804177545691906","false","0","ENO1","3904","0.5","Steiner"
"7.751958224543081","0.004912128070781851","0.128999663186258","0.0","2","13","false","122",,"EPHA2","2.5","proteins","0","2","0","722","0.4806185981120707","false","0","EPHA2","1388","0.5","Steiner"
"7.347258485639687","0.016121185668914396","0.13610518834399432","0.0","2","14","false","123",,"ESR1","3.5","proteins","0","2","0","1000","0.5117493472584856","false","0","ESR1","5380","0.5","Steiner"
"9.172323759791123","0.005221932114882507","0.10902362653003131","0.0","2","16","false","124","0.0421650694444452","EVL","1.5","proteins","0","2","0","1000","0.3713597107852982","false","0","EVL","1412","0.5","Steiner"
"10.169712793733682","0.0","0.09833119383825417","0.0","1","17","false","125","0.568607792824071","EVL-S331","2.0","phosphosite","0","1","0","1000","0.2946374774051014","false","0","EVL-S331","0","0.0","Terminal"
"9.315926892950392","0.01650660468886732","0.10734304932735425","0.0","2","17","false","126",,"F11R","3.0","proteins","0","2","0","181","0.3603133159268929","false","0","F11R","4904","0.5","Steiner"
"8.535248041775457","0.009589902789088056","0.11716121137962679","0.0","2","15","false","127",,"FADD","3.0","proteins","0","2","0","1","0.42036553524804177","false","0","FADD","2496","0.5","Steiner"
"9.718015665796345","0.008030844602140388","0.1029016657710908","0.0","2","16","false","128",,"FGF2","2.5","proteins","0","2","0","4","0.32938341032335805","false","0","FGF2","2038","0.5","Steiner"
"8.660574412532638","0.005221932114882507","0.11546578233343381","0.0","2","15","false","129","0.038087766203704","FNBP1","2.0","proteins","0","2","0","1000","0.4107250451897971","false","0","FNBP1","1174","0.5","Steiner"
"9.657963446475195","0.0","0.10354149770208165","0.0","1","16","false","130","0.902217674768513","FNBP1-S296","2.0","phosphosite","0","1","0","1000","0.3340028118096004","false","0","FNBP1-S296","0","0.0","Terminal"
"8.180156657963446","0.01041652427104835","0.12224704755825089","0.0","2","15","false","131",,"FYB","4.0","proteins","0","2","0","1000","0.44768025707973497","false","0","FYB","2820","0.5","Steiner"
"8.7911227154047","0.015583776468497531","0.11375111375111374","0.0","2","16","false","132",,"GEMIN2","2.5","proteins","0","2","0","1000","0.4006828680457923","false","0","GEMIN2","6162","0.5","Steiner"
"6.046997389033942","0.05206926273546835","0.1653713298791019","0.0","2","12","false","133",,"GNB2L1","12.0","proteins","0","2","0","100","0.6117694316127736","false","0","GNB2L1","19828","0.5","Steiner"
"7.702349869451697","0.052766191184301155","0.12983050847457628","0.0","5","15","false","134",,"GOSR2","3.0","proteins","0","5","0","1000","0.4844346254267925","false","0","GOSR2","23630","0.2857142857142857","Steiner"
"7.994778067885117","0.008823277131279459","0.12508164598301763","0.0","2","14","false","135",,"GRAP2","4.0","proteins","0","2","0","727","0.4619401486242217","false","0","GRAP2","2362","0.5","Steiner"
"8.023498694516972","0.011773036464778425","0.12463390823299707","0.0","2","15","false","136",,"HDAC2","5.5","proteins","0","2","0","18","0.4597308696525406","false","0","HDAC2","2612","0.5","Steiner"
"8.469973890339425","0.00825643969944272","0.11806411837237979","0.0","2","14","false","137",,"HIF1A","2.0","proteins","0","2","0","1000","0.4253866238200442","false","0","HIF1A","1746","0.5","Steiner"
"8.18798955613577","0.014495873944563684","0.12213010204081633","0.0","2","14","false","138",,"HIST1H4F","5.5","proteins","0","2","0","301","0.4470777264510946","false","0","HIST1H4F","3084","0.5","Steiner"
"7.793733681462141","0.03095762653572996","0.12830820770519263","0.0","4","14","false","139","0.173285335648146","HLA-DRA","4.25","proteins","0","4","0","1000","0.47740510142598913","false","0","HLA-DRA","9956","0.25","Steiner"
"9.3733681462141","0.011493832560979505","0.10668523676880222","0.0","3","16","false","140","0.774985415509255","HMGA1","1.6666666666666667","proteins","0","3","0","1000","0.3558947579835308","false","0","HMGA1","3132","0.3333333333333333","Steiner"
"10.370757180156659","0.0","0.09642497482376636","0.0","1","17","false","141","0.827286446759254","HMGA1-S9","3.0","phosphosite","0","1","0","1000","0.27917252460333397","false","0","HMGA1-S9","0","0.0","Terminal"
"9.62402088772846","0.006351446706934521","0.10390667390124797","0.0","2","17","false","142",,"HMGA2","2.5","proteins","0","2","0","996","0.3366137778670416","false","0","HMGA2","1498","0.5","Steiner"
"9.751958224543081","0.0046974605735012","0.10254350736278448","0.0","2","16","false","143","0.073581469907407","HMGB1","2.0","proteins","0","2","0","228","0.32677244426591684","false","0","HMGB1","956","0.5","Steiner"
"6.201044386422977","0.0649555599653341","0.16126315789473683","0.0","6","12","false","144","0.179095619212961","HNRNPA2B1","2.3333333333333335","proteins","0","6","0","1000","0.5999196625828479","false","0","HNRNPA2B1","14558","0.16666666666666666","Steiner"
"6.190600522193211","0.023780735901223107","0.16153521720792915","0.0","2","12","false","145","0.711296789351848","HNRNPA2B1-S212","9.5","phosphosite","0","2","0","1000","0.6007230367543683","false","0","HNRNPA2B1-S212","5754","0.5","Terminal"
"7.198433420365535","0.0","0.13891911498005077","0.0","1","13","false","146","0.923543758101846","HNRNPA2B1-S324","6.0","phosphosite","0","1","0","1000","0.5231974292026511","false","0","HNRNPA2B1-S324","0","0.0","Terminal"
"6.391644908616188","0.04123709314166299","0.15645424836601307","0.16666666666666666","4","12","false","147","0.0800195196759267","HNRNPC","5.5","proteins","0","4","0","1000","0.5852580839526009","false","0","HNRNPC","10420","0.3125","Steiner"
"7.389033942558747","0.0","0.1353356890459364","0.0","1","13","false","148","0.377627204861109","HNRNPC-S260","4.0","phosphosite","0","1","0","1000","0.508535850572404","false","0","HNRNPC-S260","0","0.0","Terminal"
"6.556135770234987","0.01930301982863053","0.1525288729589805","0.0","2","12","false","149","0.0129077025462964","HNRNPD","5.5","proteins","0","2","0","39","0.5726049407511549","false","0","HNRNPD","4184","0.5","Steiner"
"7.0","0.02454315688427753","0.14285714285714285","0.0","2","13","false","150","-0.00646564236111104","HNRNPH1","6.0","proteins","0","2","0","107","0.5384615384615384","false","0","HNRNPH1","5694","0.5","Steiner"
"6.924281984334204","0.01734811513767949","0.14441930618401205","0.0","3","13","false","151","0.0921194907407407","HNRNPU","3.0","proteins","0","3","0","1000","0.5442860012050612","false","0","HNRNPU","3760","0.3333333333333333","Steiner"
"7.921671018276762","0.0","0.12623599208965064","0.0","1","14","false","152","0.690631454282404","HNRNPU-S59","3.0","phosphosite","0","1","0","1000","0.4675637678248644","false","0","HNRNPU-S59","0","0.0","Terminal"
"8.078328981723237","0.005221932114882507","0.1237879767291532","0.0","2","15","false","153","0.0421448900462966","HP1BP3","4.0","proteins","0","2","0","1000","0.4555131552520587","false","0","HP1BP3","1884","0.5","Steiner"
"9.075718015665796","0.0","0.11018411967779057","0.0","1","16","false","154","0.531053754629625","HP1BP3-T51","2.0","phosphosite","0","1","0","1000","0.37879092187186186","false","0","HP1BP3-T51","0","0.0","Terminal"
"7.417754569190601","0.01487249272507567","0.13481168602604715","0.0","2","13","false","155",,"HRAS","2.5","proteins","0","2","0","1","0.506326571600723","false","0","HRAS","3940","0.5","Steiner"
"7.738903394255875","0.012304599584090735","0.12921727395411606","0.0","3","14","false","156",,"HTATSF1","2.6666666666666665","proteins","0","3","0","1000","0.48162281582647115","false","0","HTATSF1","3832","0.3333333333333333","Steiner"
"8.736292428198434","0.0","0.11446503287507472","0.0","1","15","false","157","1.30802258101851","HTATSF1-S702","3.0","phosphosite","0","1","0","1000","0.4049005824462743","false","0","HTATSF1-S702","0","0.0","Terminal"
"6.981723237597911","0.016626383624319445","0.14323111443530293","0.0","2","13","false","158",,"HUS1","7.0","proteins","0","2","0","228","0.5398674432616992","false","0","HUS1","6334","0.5454545454545454","Steiner"
"10.963446475195822","0.0034574958029908575","0.09121219337937606","0.0","2","19","false","159","-0.315466515046295","ICAM1","2.5","proteins","0","2","0","2","0.23358104036955218","false","0","ICAM1","864","0.5","Steiner"
"10.642297650130548","0.003833778504070663","0.09396467124631992","0.0","2","17","false","160",,"ICAM3","2.5","proteins","0","2","0","183","0.258284796143804","false","0","ICAM3","1060","0.5","Steiner"
"7.449086161879896","0.04121497149158353","0.1342446547493866","0.3333333333333333","3","13","false","161",,"IKBKG","3.3333333333333335","proteins","0","3","0","680","0.5039164490861618","false","0","IKBKG","10852","0.42857142857142855","Steiner"
"7.9138381201044385","0.005221932114882507","0.12636093698449358","0.0","2","14","false","162","0.174340266203701","IL16","6.0","proteins","0","2","0","1000","0.4681662984535047","false","0","IL16","1140","0.5","Steiner"
"8.911227154046998","0.0","0.11221799003808966","0.0","1","15","false","163","0.822462909722218","IL16-S838","2.0","phosphosite","0","1","0","1000","0.39144406507330787","false","0","IL16-S838","0","0.0","Terminal"
"8.409921671018276","8.700941861577784E-4","0.11890717168581187","0.3333333333333333","3","15","false","164","-0.466098795138886","ILK","2.6666666666666665","proteins","0","3","0","131","0.43000602530628645","true","0","ILK","412","0.5833333333333334","Steiner"
"6.650130548302872","0.08680843611981101","0.15037298782881822","0.0","2","13","false","165",,"IQSEC1","2.5","proteins","0","2","0","1000","0.5653745732074713","false","0","IQSEC1","22430","0.5","Steiner"
"6.154046997389034","0.08944104631123623","0.16249469664828173","0.0","2","12","false","166","0.445089924768515","IQSEC1-S925","7.5","phosphosite","0","2","0","1000","0.6035348463546897","false","0","IQSEC1-S925","23230","0.5","Terminal"
"10.06266318537859","0.013669888932050987","0.09937727036844837","0.0","3","18","false","167",,"ITGAL","2.0","proteins","0","3","0","183","0.30287206266318545","false","0","ITGAL","3908","0.3333333333333333","Steiner"
"11.318537859007833","0.001461671600244985","0.08835063437139562","0.0","2","18","false","168","-0.236099351273146","ITGAM","2.0","proteins","0","2","0","2","0.206266318537859","false","0","ITGAM","448","0.5","Steiner"
"7.4281984334203655","0.01892210538476503","0.13462214411247803","0.0","2","14","false","169",,"ITSN1","8.0","proteins","0","2","0","54","0.5055231974292027","true","0","ITSN1","5066","0.5","Steiner"
"6.386422976501305","0.08712851722699332","0.15658217497955848","0.0","4","13","false","170","0.0587715856481473","KHDRBS1","3.25","proteins","0","4","0","1000","0.5856597710383611","false","0","KHDRBS1","21788","0.25","Steiner"
"8.490861618798956","0.0","0.11777367773677737","1.0","2","16","false","171",,"KIRREL","3.5","proteins","0","2","0","172","0.4237798754770034","true","0","KIRREL","0","0.7","Steiner"
"7.723237597911227","0.0301644105062967","0.1294793779580798","0.0","3","14","false","172","-0.133022854166665","KPNB1","2.6666666666666665","proteins","0","3","0","1000","0.48282787708375174","false","0","KPNB1","7658","0.3333333333333333","Steiner"
"8.263707571801566","0.005221932114882507","0.12101105845181676","0.0","2","15","false","173",,"KRI1","1.5","proteins","0","2","0","1000","0.44125326370757184","false","0","KRI1","1158","0.5","Steiner"
"9.261096605744125","0.0","0.10797857344234564","0.0","1","16","false","174","0.826977348958329","KRI1-S171","2.0","phosphosite","0","1","0","1000","0.364531030327375","false","0","KRI1-S171","0","0.0","Terminal"
"7.27154046997389","0.01041652427104835","0.13752244165170557","0.0","2","14","false","175",,"KRR1","4.5","proteins","0","2","0","1000","0.5175738100020084","false","0","KRR1","2312","0.5","Steiner"
"8.180156657963446","0.0137666456409365","0.12224704755825089","0.0","2","15","false","176","-0.00355813078703609","LBR","5.5","proteins","0","2","0","1000","0.44768025707973497","false","0","LBR","3276","0.5","Steiner"
"7.872062663185378","0.005221932114882507","0.12703150912106137","0.0","2","13","false","177","-0.0384608043981474","LCP1","2.0","proteins","0","2","0","1000","0.4713797951395863","false","0","LCP1","1128","0.5","Steiner"
"8.869451697127937","0.0","0.11274654106564616","0.0","1","14","false","178","0.343513906249999","LCP1-S257","2.0","phosphosite","0","1","0","1000","0.39465756175938943","false","0","LCP1-S257","0","0.0","Terminal"
"7.193211488250653","0.08632103542599359","0.13901996370235933","0.0","6","14","false","179",,"LCP2","3.0","proteins","0","6","0","1000","0.5235991162884113","false","0","LCP2","24822","0.16666666666666666","Steiner"
"9.754569190600522","0.0","0.10251605995717344","1.0","2","16","false","180",,"LILRB1","3.5","proteins","0","2","0","147","0.32657160072303676","false","0","LILRB1","0","0.7","Steiner"
"7.634464751958225","0.022780895493566194","0.13098495212038302","0.0","4","13","false","181",,"LIMD1","2.25","proteins","0","4","0","1000","0.48965655754167503","false","0","LIMD1","4662","0.25","Steiner"
"8.631853785900784","0.0","0.11584996975196611","0.0","1","14","false","182","0.640866967013885","LIMD1-S233","4.0","phosphosite","0","1","0","1000","0.41293432416147813","false","0","LIMD1-S233","0","0.0","Terminal"
"8.143603133159269","0.0011239539548760116","0.12279576787431869","0.3333333333333333","3","14","false","183","-0.45029032523148","LIMS1","5.333333333333333","proteins","0","3","0","159","0.4504920666800562","true","0","LIMS1","482","0.4166666666666667","Steiner"
"8.503916449086162","6.11486217681452E-4","0.11759287688056493","0.0","2","15","false","184",,"LIMS2","6.5","proteins","0","2","0","131","0.4227756577626029","false","0","LIMS2","316","0.55","Steiner"
"9.618798955613578","0.004858538496940202","0.1039630836047774","0.0","2","17","false","185","-0.480515043981479","LMNA","2.5","proteins","0","2","0","1000","0.3370154649528017","false","0","LMNA","1604","0.5","Steiner"
"9.093994778067884","0.009051641927258776","0.10996267585414873","0.0","2","16","false","186","0.133501093749999","LMNB1","2.5","proteins","0","2","0","1000","0.3773850170717012","false","0","LMNB1","2236","0.5","Steiner"
"9.832898172323759","0.007869188712763134","0.10169941582580988","0.0","3","17","false","187","-0.0749335150462959","LMNB2","1.6666666666666667","proteins","0","3","0","1000","0.3205462944366339","false","0","LMNB2","2092","0.3333333333333333","Steiner"
"10.830287206266318","0.0","0.09233365477338477","0.0","1","18","false","188","0.858291536458329","LMNB2-S409","3.0","phosphosite","0","1","0","1000","0.24382406105643709","false","0","LMNB2-S409","0","0.0","Terminal"
"9.697127937336814","0.012916112789745884","0.10312331717824448","0.16666666666666666","4","16","false","189","0.189562245370371","LSP1","2.0","proteins","0","4","0","1000","0.3309901586663989","false","0","LSP1","3674","0.375","Steiner"
"10.694516971279374","0.0","0.093505859375","0.0","1","17","false","190","0.466066175347219","LSP1-S252","4.0","phosphosite","0","1","0","1000","0.254267925286202","false","0","LSP1-S252","0","0.0","Terminal"
"9.73107049608355","0.020730523696909215","0.10276361685001342","0.0","3","16","false","191",,"MAP2K3","2.3333333333333335","proteins","0","3","0","1000","0.3283791926089577","false","0","MAP2K3","9674","0.4444444444444444","Steiner"
"8.754569190600522","0.027058812807859326","0.11422606620936475","0.0","3","15","false","192",,"MAP3K3","3.6666666666666665","proteins","0","3","0","1000","0.4034946776461137","false","0","MAP3K3","11690","0.38095238095238093","Steiner"
"8.315926892950392","0.014943077555000508","0.12025117739403453","0.0","3","14","false","193",,"MAP3K5","2.6666666666666665","proteins","0","3","0","754","0.43723639284996985","false","0","MAP3K5","5572","0.3333333333333333","Steiner"
"7.788511749347259","0.023158610187307485","0.12839423399262487","0.0","5","15","false","194",,"MAP4K1","2.8","proteins","0","5","0","1000","0.47780678851174935","false","0","MAP4K1","7094","0.2","Steiner"
"7.180156657963447","0.04358742737247978","0.13927272727272727","0.0","4","14","false","195","-0.207411649305554","MAPK1","2.5","proteins","0","4","0","547","0.5246033340028118","false","0","MAPK1","13904","0.3","Steiner"
"9.274151436031332","0.01680931689953876","0.10782657657657657","0.0","2","17","false","196",,"MAPK10","2.0","proteins","0","2","0","608","0.3635268126129745","false","0","MAPK10","4116","0.5","Steiner"
"6.861618798955614","0.0014168992023625463","0.14573820395738205","0.0","2","13","false","197","0.0621320312499983","MATR3","3.0","proteins","0","2","0","1000","0.5491062462341836","false","0","MATR3","450","0.5","Steiner"
"6.402088772845953","0.0036771977416927043","0.15619902120717782","0.0","2","12","false","198","0.33007190972222","MATR3-S188","7.5","phosphosite","0","2","0","1000","0.5844547097810806","false","0","MATR3-S188","1148","0.5","Terminal"
"9.305483028720626","0.015583776468497531","0.1074635241301908","0.0","2","15","false","199",,"MAVS","3.0","proteins","0","2","0","1000","0.36111669009841335","false","0","MAVS","3654","0.5","Steiner"
"8.509138381201044","0.004054011390347561","0.11752071187480823","0.0","2","15","false","200",,"MAX","2.5","proteins","0","2","0","125","0.42237397067684274","false","0","MAX","1062","0.5","Steiner"
"7.216710182767624","0.07662323952906702","0.1385672937771346","0.0","9","14","false","201","0.0825480034722221","MECP2","2.3333333333333335","proteins","0","9","0","1000","0.5217915244024904","false","0","MECP2","18064","0.1111111111111111","Steiner"
"8.214099216710183","0.0","0.1217418944691672","0.0","1","15","false","202","0.448234034722219","MECP2-S360","9.0","phosphosite","0","1","0","1000","0.4450692910222936","false","0","MECP2-S360","0","0.0","Terminal"
"8.600522193211487","0.009791952678437165","0.11627200971463268","0.0","2","15","false","203",,"MEFV","2.0","proteins","0","2","0","482","0.4153444466760394","false","0","MEFV","2102","0.5","Steiner"
"9.579634464751958","0.016918096644150248","0.10438811665303897","0.0","2","16","false","204",,"METTL3","2.5","proteins","0","2","0","128","0.3400281180960032","false","0","METTL3","4016","0.5","Steiner"
"8.785900783289817","0.005221932114882507","0.11381872213967312","0.0","2","15","false","205","0.235243038194443","MS4A1","2.5","proteins","0","2","0","1000","0.40108455513155256","false","0","MS4A1","1522","0.5","Steiner"
"9.783289817232376","0.0","0.10221510541766747","0.0","1","16","false","206","0.673978516203699","MS4A1-T11","2.0","phosphosite","0","1","0","1000","0.3243623217513557","false","0","MS4A1-T11","0","0.0","Terminal"
"8.29242819843342","0.0049056511043716","0.1205919395465995","0.0","2","15","false","207",,"MXD1","2.5","proteins","0","2","0","125","0.4390439847358908","false","0","MXD1","1208","0.5","Steiner"
"8.678851174934726","0.005221932114882507","0.11522262334536702","0.0","2","14","false","208",,"MYO9B","3.0","proteins","0","2","0","1000","0.40931914038963646","false","0","MYO9B","1902","0.5","Steiner"
"9.676240208877285","0.0","0.10334592552617376","0.0","1","15","false","209","0.727069299768514","MYO9B-S1992","2.0","phosphosite","0","1","0","1000","0.3325969070094396","false","0","MYO9B-S1992","0","0.0","Terminal"
"8.060052219321149","0.025836260987245906","0.12406867508908326","0.0","2","14","false","210",,"NCBP1","3.0","proteins","0","2","0","1000","0.45691906005221933","false","0","NCBP1","5010","0.5","Steiner"
"6.681462140992167","0.10495380558155494","0.14966783899960923","0.0","4","13","false","211",,"NCK1","4.25","proteins","0","4","0","1000","0.5629644506929102","true","0","NCK1","28864","0.25","Steiner"
"7.590078328981723","0.007642529939633272","0.13175094599243206","0.3333333333333333","3","15","false","212",,"NCK2","4.0","proteins","0","3","0","167","0.49307089777063673","true","0","NCK2","2320","0.4074074074074074","Steiner"
"7.650130548302872","0.024741430543693498","0.13071672354948805","0.0","2","13","false","213",,"NCKAP1","2.0","proteins","0","2","0","1000","0.48845149628439444","true","0","NCKAP1","4582","0.5","Steiner"
"9.767624020887729","0.035979385671127635","0.10237904303662122","0.0","2","16","false","214",,"NCOA6","4.5","proteins","0","2","0","1000","0.32556738300863625","false","0","NCOA6","9940","0.5","Steiner"
"7.326370757180157","0.053273710524951105","0.13649322879543835","0.0","5","14","false","215",,"NCOR1","3.8","proteins","0","5","0","1000","0.5133560956015264","false","0","NCOR1","14572","0.2","Steiner"
"8.240208877284596","0.003802272210949914","0.12135614702154625","0.0","2","14","false","216",,"NET1","7.5","proteins","0","2","0","2","0.4430608555934926","false","0","NET1","2234","0.5416666666666666","Steiner"
"6.861618798955614","0.04614248035538464","0.14573820395738205","0.0","2","14","false","217",,"NHP2L1","7.5","proteins","0","2","0","1000","0.5491062462341836","false","0","NHP2L1","13358","0.5","Steiner"
"6.284595300261096","0.113138286730381","0.1591192355629414","0.047619047619047616","7","13","false","218","0.0902179629629637","NOP56","4.428571428571429","proteins","0","7","0","1000","0.5934926692106849","false","0","NOP56","30744","0.15476190476190477","Steiner"
"7.281984334203655","0.0","0.13732520616708496","0.0","1","14","false","219","0.821058230902773","NOP56-S520","7.0","phosphosite","0","1","0","1000","0.5167704358304881","false","0","NOP56-S520","0","0.0","Terminal"
"7.527415143603133","0.05528722374507314","0.13284772806104753","0.16666666666666666","4","15","false","220",,"NPHS1","3.25","proteins","0","4","0","681","0.497891142799759","true","0","NPHS1","16282","0.3055555555555556","Steiner"
"8.848563968668408","0.01041652427104835","0.1130126881085866","0.0","2","16","false","221",,"NSA2","2.5","proteins","0","2","0","1000","0.39626431010243013","false","0","NSA2","2256","0.5","Steiner"
"8.838120104438643","0.005221932114882507","0.11314623338257015","0.0","2","14","false","222","-0.014585017361112","NSFL1C","1.5","proteins","0","2","0","1000","0.39706768427395056","false","0","NSFL1C","1446","0.5","Steiner"
"9.835509138381202","0.0","0.10167241837005574","0.0","1","15","false","223","0.417055135995368","NSFL1C-S99","2.0","phosphosite","0","1","0","1000","0.3203454508937537","false","0","NSFL1C-S99","0","0.0","Terminal"
"11.005221932114882","0.010430194250406682","0.09086595492289443","0.0","3","17","false","224","0.128386779513889","NUCKS1","1.3333333333333333","proteins","0","3","0","1000","0.23036754368347062","false","0","NUCKS1","2018","0.3333333333333333","Steiner"
"12.002610966057441","0.0","0.08331520556884925","0.0","1","18","false","225","0.63483392881944","NUCKS1-S181","3.0","phosphosite","0","1","0","1000","0.15364531030327377","false","0","NUCKS1-S181","0","0.0","Terminal"
"12.002610966057441","0.0","0.08331520556884925","0.0","1","18","false","226","0.685825289351847","NUCKS1-S19","3.0","phosphosite","0","1","0","1000","0.15364531030327377","false","0","NUCKS1-S19","0","0.0","Terminal"
"7.650130548302872","0.02426970418918801","0.13071672354948805","0.0","3","14","false","227","-0.0376898530092605","NUMA1","3.6666666666666665","proteins","0","3","0","1000","0.48845149628439444","false","0","NUMA1","6786","0.3333333333333333","Steiner"
"8.647519582245431","0.0","0.11564009661835747","0.0","1","15","false","228","0.434411790509257","NUMA1-S2062","3.0","phosphosite","0","1","0","1000","0.4117292629041976","false","0","NUMA1-S2062","0","0.0","Terminal"
"8.347258485639687","0.018916961570031185","0.1197998123240538","0.0","2","15","false","229",,"NUP98","2.5","proteins","0","2","0","115","0.4348262703354087","false","0","NUP98","5244","0.5","Steiner"
"8.806788511749348","0.04100993807499351","0.11354876964126889","0.0","2","15","false","230",,"PAXIP1","3.5","proteins","0","2","0","1000","0.3994778067885117","false","0","PAXIP1","11344","0.5","Steiner"
"8.947780678851174","0.001760693341353054","0.11175955646337905","0.0","2","15","false","231","-0.125569569444443","PCNA","2.0","proteins","0","2","0","1","0.3886322554729866","false","0","PCNA","490","0.5","Steiner"
"7.655352480417754","0.010430194250406682","0.13062755798090042","0.0","3","13","false","232","0.350944803240738","PDCD4","2.3333333333333335","proteins","0","3","0","1000","0.4880498091986343","false","0","PDCD4","2110","0.3333333333333333","Steiner"
"8.652741514360313","0.0","0.1155703077851539","0.0","1","14","false","233","0.409204357638887","PDCD4-S457","3.0","phosphosite","0","1","0","1000","0.41132757581843743","false","0","PDCD4-S457","0","0.0","Terminal"
"8.652741514360313","0.0","0.1155703077851539","0.0","1","14","false","234","1.05308439467592","PDCD4-T93","3.0","phosphosite","0","1","0","1000","0.41132757581843743","false","0","PDCD4-T93","0","0.0","Terminal"
"8.342036553524805","0.010313326776082921","0.11987480438184663","0.0","2","15","false","235",,"PDE3B","3.0","proteins","0","2","0","1","0.4352279574211689","false","0","PDE3B","2680","0.5","Steiner"
"7.861618798955614","0.022155293569316226","0.12720026569246098","0.0","3","15","false","236",,"PES1","2.3333333333333335","proteins","0","3","0","1000","0.47218316931110665","false","0","PES1","5114","0.3333333333333333","Steiner"
"10.018276762402088","0.015583776468497531","0.09981756580661975","0.0","2","16","false","237",,"PHAX","2.5","proteins","0","2","0","1000","0.30628640289214704","false","0","PHAX","3018","0.5","Steiner"
"8.067885117493473","0.011622910798611052","0.1239482200647249","0.0","2","14","false","238",,"PIK3CG","2.0","proteins","0","2","0","1","0.456316529423579","false","0","PIK3CG","3118","0.5","Steiner"
"7.268929503916449","0.005221932114882507","0.13757183908045978","0.0","2","13","false","239",,"PLEKHF2","2.5","proteins","0","2","0","1000","0.5177746535448885","false","0","PLEKHF2","1404","0.5","Steiner"
"8.266318537859007","0.0","0.12097283638660772","0.0","1","14","false","240","0.535052430555554","PLEKHF2-S16","2.0","phosphosite","0","1","0","1000","0.44105242016469176","false","0","PLEKHF2-S16","0","0.0","Terminal"
"8.412532637075717","0.005221932114882507","0.11887026691495967","0.0","2","16","false","241",,"PNISR","2.5","proteins","0","2","0","1000","0.4298051817634064","false","0","PNISR","1486","0.5","Steiner"
"9.409921671018276","0.0","0.10627081021087681","0.0","1","17","false","242","0.33377731134259","PNISR-S211","2.0","phosphosite","0","1","0","1000","0.3530829483832095","false","0","PNISR-S211","0","0.0","Terminal"
"7.54046997389034","0.006932943009968519","0.13261772853185594","0.3333333333333333","4","13","false","243",,"PRKACG","3.25","proteins","0","4","0","1000","0.4968869250853585","false","0","PRKACG","2284","0.375","Steiner"
"6.68668407310705","0.07843273653899413","0.14955095665755563","0.16666666666666666","4","12","false","244","-0.131265167824074","PRKAR2A","4.0","proteins","0","4","0","997","0.56256276360715","false","0","PRKAR2A","24288","0.3181818181818182","Steiner"
"8.263707571801566","0.0","0.12101105845181676","1.0","2","14","false","245",,"PRKAR2B","5.0","proteins","0","2","0","28","0.44125326370757184","false","0","PRKAR2B","0","0.7142857142857143","Steiner"
"5.506527415143603","0.24508916001115258","0.1816026552868658","0.0","13","11","false","246","-0.0490902141203706","PRKCB","2.3846153846153846","proteins","0","13","0","1000","0.6533440449889536","false","0","PRKCB","79328","0.08144796380090498","Steiner"
"6.503916449086162","0.0","0.15375351264552387","0.0","1","12","false","247","0.590899290509256","PRKCB-T642","13.0","phosphosite","0","1","0","1000","0.5766218116087567","false","0","PRKCB-T642","0","0.0","Terminal"
"6.370757180156658","0.0868263500492407","0.1569672131147541","0.0","3","12","false","248",,"PRKCE","4.333333333333333","proteins","0","3","0","28","0.5868648322956417","true","0","PRKCE","27566","0.3333333333333333","Steiner"
"6.370757180156658","0.061450990790063345","0.1569672131147541","0.0","3","12","false","249",,"PRKCZ","3.6666666666666665","proteins","0","3","0","1000","0.5868648322956417","true","0","PRKCZ","27724","0.38095238095238093","Steiner"
"7.561357702349869","0.012124303106028326","0.13225138121546962","0.0","3","14","false","250",,"PRMT5","2.6666666666666665","proteins","0","3","0","904","0.4952801767423178","false","0","PRMT5","4118","0.3333333333333333","Steiner"
"7.516971279373368","0.020467425415616226","0.13303230288294549","0.0","2","15","false","251",,"PRPF31","5.5","proteins","0","2","0","873","0.4986945169712794","false","0","PRPF31","5536","0.5","Steiner"
"8.339425587467362","0.011138597533892318","0.11991233562930496","0.0","2","15","false","252",,"PSTPIP1","2.5","proteins","0","2","0","482","0.43542880096404907","false","0","PSTPIP1","2390","0.5","Steiner"
"6.618798955613577","0.031985343178322245","0.15108481262327417","0.16666666666666666","4","12","false","253","-0.0303179629629628","PTBP1","5.0","proteins","0","4","0","1000","0.5677846957220326","false","0","PTBP1","6880","0.3","Steiner"
"6.859007832898173","0.020764698645305044","0.1457936810049486","0.16666666666666666","4","12","false","254","-0.0141151018518514","PTGES3","4.75","proteins","0","4","0","1000","0.5493070897770637","false","0","PTGES3","5766","0.3269230769230769","Steiner"
"7.856396866840731","0.0","0.12728481222997673","0.0","1","13","false","255","0.531641487268516","PTGES3-S113","4.0","phosphosite","0","1","0","1000","0.47258485639686687","false","0","PTGES3-S113","0","0.0","Terminal"
"7.9138381201044385","0.005382483852608112","0.12636093698449358","0.0","2","14","false","256",,"PTK2B","7.0","proteins","0","2","0","7","0.4681662984535047","false","0","PTK2B","2868","0.5454545454545454","Steiner"
"8.537859007832898","0.0","0.11712538226299694","0.0","1","14","false","257","0.747095891203698","PTK2B-S375","4.0","phosphosite","0","1","0","1000","0.4201646917051617","false","0","PTK2B-S375","0","0.0","Terminal"
"7.968668407310705","0.0038746747733392163","0.12549148099606816","0.0","2","14","false","258","-0.0269869548611111","PUF60","3.5","proteins","0","2","0","50","0.4639485840530227","false","0","PUF60","880","0.5","Steiner"
"7.049608355091384","0.0","0.14185185185185184","1.0","2","13","false","259",,"RAD1","7.0","proteins","0","2","0","63","0.5346455111468166","false","0","RAD1","0","0.5833333333333334","Steiner"
"7.934725848563969","0.006802539751974502","0.12602829878249425","0.0","2","14","false","260",,"RAD17","3.0","proteins","0","2","0","1","0.46655955011046396","false","0","RAD17","1570","0.5","Steiner"
"6.95822454308094","0.028842235202193107","0.14371482176360226","0.16666666666666666","4","13","false","261",,"RAD9A","4.5","proteins","0","4","0","773","0.54167503514762","false","0","RAD9A","9056","0.3076923076923077","Steiner"
"6.096605744125326","0.026780221269945195","0.16402569593147753","0.0","2","12","false","262","0.937015369212958","RALGPS2-T361","8.0","phosphosite","0","2","0","1000","0.6079534042980519","false","0","RALGPS2-T361","13522","0.5384615384615384","Terminal"
"6.276762402088773","0.07213432237184839","0.15931780366056572","0.0","5","12","false","263","0.0468007581018521","RALY","2.6","proteins","0","5","0","1000","0.5940951998393251","false","0","RALY","17324","0.2","Steiner"
"7.274151436031332","0.0","0.13747307968413497","0.0","1","13","false","264","0.326002343749999","RALY-S135","5.0","phosphosite","0","1","0","1000","0.5173729664591283","false","0","RALY-S135","0","0.0","Terminal"
"7.6266318537859","0.020081497688704503","0.1311194796302636","0.0","3","14","false","265","-0.0793547222222207","RAN","2.3333333333333335","proteins","0","3","0","1000","0.4902590881703154","false","0","RAN","4344","0.3333333333333333","Steiner"
"8.031331592689295","0.002647451883300036","0.12451235370611184","0.0","2","15","false","266",,"RARA","3.5","proteins","0","2","0","129","0.4591283390239004","false","0","RARA","576","0.5","Steiner"
"6.579634464751958","0.08432769478343567","0.15198412698412697","0.0","3","13","false","267",,"RASA1","3.3333333333333335","proteins","0","3","0","999","0.570797348865234","false","0","RASA1","21774","0.3333333333333333","Steiner"
"10.733681462140993","0.03112654299892007","0.0931646801264899","0.0","7","17","false","268","0.0986815277777779","RBM14","1.1428571428571428","proteins","0","7","0","1000","0.25125527214300053","false","0","RBM14","8562","0.14285714285714285","Steiner"
"11.73107049608355","0.0","0.08524371244157579","0.0","1","18","false","269","0.544365851851849","RBM14-RBM4-S582","7.0","phosphosite","0","1","0","1000","0.17453303876280385","false","0","RBM14-RBM4-S582","0","0.0","Terminal"
"11.73107049608355","0.0","0.08524371244157579","0.0","1","18","false","270","0.365733796296295","RBM14-RBM4-S623","7.0","phosphosite","0","1","0","1000","0.17453303876280385","false","0","RBM14-RBM4-S623","0","0.0","Terminal"
"11.73107049608355","0.0","0.08524371244157579","0.0","1","18","false","271","0.534635438657404","RBM14-RBM4-T206","7.0","phosphosite","0","1","0","1000","0.17453303876280385","false","0","RBM14-RBM4-T206","0","0.0","Terminal"
"11.73107049608355","0.0","0.08524371244157579","0.0","1","18","false","272","0.544365851851849","RBM14-S582","7.0","phosphosite","0","1","0","1000","0.17453303876280385","false","0","RBM14-S582","0","0.0","Terminal"
"11.73107049608355","0.0","0.08524371244157579","0.0","1","18","false","273","0.365733796296295","RBM14-S623","7.0","phosphosite","0","1","0","1000","0.17453303876280385","false","0","RBM14-S623","0","0.0","Terminal"
"11.73107049608355","0.0","0.08524371244157579","0.0","1","18","false","274","0.534635438657404","RBM14-T206","7.0","phosphosite","0","1","0","1000","0.17453303876280385","false","0","RBM14-T206","0","0.0","Terminal"
"11.404699738903394","0.005221932114882507","0.08768315018315018","0.0","2","17","false","275",,"RBM15","2.5","proteins","0","2","0","1000","0.1996384816228158","false","0","RBM15","1650","0.5","Steiner"
"12.402088772845953","0.0","0.08063157894736842","0.0","1","18","false","276","0.462716001157405","RBM15-S294","2.0","phosphosite","0","1","0","1000","0.12291624824261896","false","0","RBM15-S294","0","0.0","Terminal"
"7.420365535248042","0.02417397700522228","0.13476425052779734","0.0","4","15","false","277",,"RBM39","2.25","proteins","0","4","0","1000","0.506125728057843","false","0","RBM39","6594","0.25","Steiner"
"7.049608355091384","0.015582730810255125","0.14185185185185184","0.0","2","14","false","278","0.369595243634257","RBM39-S136","7.5","phosphosite","0","2","0","1000","0.5346455111468166","false","0","RBM39-S136","4592","0.5","Terminal"
"10.66579634464752","0.010806828963295543","0.0937576499388005","0.0","3","18","false","279","0.243112037037035","RCSD1","2.0","proteins","0","3","0","1000","0.2564772042578831","false","0","RCSD1","2394","0.3333333333333333","Steiner"
"10.028720626631854","0.01278578630840329","0.09971361624576933","0.0","2","18","false","280","0.406402714120368","RCSD1-S216","2.5","phosphosite","0","2","0","1000","0.3054830287206266","false","0","RCSD1-S216","2888","0.5","Terminal"
"11.663185378590079","0.0","0.08573987015894335","0.0","1","19","false","281","0.504863136574071","RCSD1-S83","3.0","phosphosite","0","1","0","1000","0.17975497087768624","false","0","RCSD1-S83","0","0.0","Terminal"
"8.60313315926893","0.009700651320270471","0.11623672230652503","0.0","2","15","false","282",,"RELA","2.0","proteins","0","2","0","18","0.41514360313315923","false","0","RELA","1968","0.5","Steiner"
"8.783289817232376","0.0027359487258602783","0.1138525564803805","0.0","2","15","false","283",,"RFC2","2.0","proteins","0","2","0","1","0.40128539867443264","false","0","RFC2","616","0.5","Steiner"
"7.68668407310705","0.04206047293274426","0.13009510869565216","0.0","5","13","false","284","-0.21058504861111","RHOA","2.8","proteins","0","5","0","1000","0.4856396866840731","false","0","RHOA","16118","0.225","Steiner"
"7.070496083550914","0.01391590283072717","0.1414327917282127","0.0","2","14","false","285",,"RIOK1","7.0","proteins","0","2","0","493","0.5330387628037758","false","0","RIOK1","4488","0.5","Steiner"
"7.932114882506528","0.030822505299286835","0.12606978275181038","0.16666666666666666","4","14","false","286",,"RIPK1","3.0","proteins","0","4","0","974","0.46676039365334404","false","0","RIPK1","10258","0.35714285714285715","Steiner"
"6.830287206266319","0.01950147251195376","0.14640672782874617","0.0","2","13","false","287",,"RNPS1","4.0","proteins","0","2","0","137","0.5515163687487447","false","0","RNPS1","4680","0.5","Steiner"
"7.18798955613577","0.003453948117871709","0.1391209589538685","0.0","2","14","false","288","0.0145090335648139","RPL10A","7.5","proteins","0","2","0","1","0.5240008033741715","false","0","RPL10A","2580","0.5909090909090909","Steiner"
"7.18798955613577","0.003453948117871709","0.1391209589538685","0.0","2","14","false","289","0.0213367476851851","RPL11","7.5","proteins","0","2","0","987","0.5240008033741715","false","0","RPL11","2580","0.5909090909090909","Steiner"
"7.193211488250653","0.005221932114882507","0.13901996370235933","0.0","2","14","false","290",,"RPLP1","6.0","proteins","0","2","0","1000","0.5235991162884113","false","0","RPLP1","1304","0.5","Steiner"
"8.190600522193211","0.0","0.12209116990755499","0.0","1","15","false","291","0.89852714409722","RPLP1-S104","2.0","phosphosite","0","1","0","1000","0.44687688290821453","false","0","RPLP1-S104","0","0.0","Terminal"
"6.201044386422977","0.11516770917404959","0.16126315789473683","0.01818181818181818","11","13","false","292","0.146929537037037","RPS11","2.8181818181818183","proteins","0","11","0","1000","0.5999196625828479","false","0","RPS11","36624","0.1111111111111111","Steiner"
"7.198433420365535","0.0","0.13891911498005077","0.0","1","14","false","293","0.5662722974537","RPS11-S67","11.0","phosphosite","0","1","0","1000","0.5231974292026511","false","0","RPS11-S67","0","0.0","Terminal"
"6.681462140992167","0.0011453164372388466","0.14966783899960923","0.0","2","13","false","294","-0.044400949074074","RPS27","6.5","proteins","0","2","0","1000","0.5629644506929102","false","0","RPS27","240","0.5","Steiner"
"6.326370757180157","0.002970942180543972","0.1580685101114321","0.0","2","12","false","295","0.437278992476849","RPS27-S78","7.5","phosphosite","0","2","0","1000","0.5902791725246034","false","0","RPS27-S78","794","0.5","Terminal"
"7.18798955613577","0.003453948117871709","0.1391209589538685","0.0","2","14","false","296","0.138354365740739","RPS29","7.5","proteins","0","2","0","12","0.5240008033741715","false","0","RPS29","2580","0.5909090909090909","Steiner"
"6.258485639686684","0.02494857724726469","0.1597830621610346","0.3333333333333333","3","12","false","297",,"RPS6KB1","6.666666666666667","proteins","0","3","0","18","0.5955011046394858","false","0","RPS6KB1","7724","0.4222222222222222","Steiner"
"6.793733681462141","0.0","0.14719446579554188","1.0","2","13","false","298","0.201734722222221","RPS7","9.0","proteins","0","2","0","12","0.554328178349066","false","0","RPS7","0","0.5625","Steiner"
"7.994778067885117","0.00895259967205069","0.12508164598301763","0.0","2","14","false","299",,"RRP1B","4.5","proteins","0","2","0","92","0.4619401486242217","false","0","RRP1B","2236","0.5","Steiner"
"7.164490861618799","0.027542176768455936","0.13957725947521865","0.0","3","14","false","300","0.0608799652777781","RSL1D1","3.6666666666666665","proteins","0","3","0","1000","0.5258083952600924","false","0","RSL1D1","6358","0.3333333333333333","Steiner"
"8.161879895561357","0.0","0.12252079334612924","0.0","1","15","false","301","0.576097476851849","RSL1D1-S361","3.0","phosphosite","0","1","0","1000","0.4490861618798956","false","0","RSL1D1-S361","0","0.0","Terminal"
"10.469973890339425","0.004918938896356094","0.09551122194513717","0.0","3","17","false","302",,"S100B","2.3333333333333335","proteins","0","3","0","232","0.2715404699738904","false","0","S100B","1378","0.3333333333333333","Steiner"
"6.723237597911227","0.01910565136475214","0.1487378640776699","0.0","2","13","false","303","0.124900856481482","SAFB","2.5","proteins","0","2","0","1000","0.5597509540068286","false","0","SAFB","6308","0.5","Steiner"
"5.966057441253263","0.07797758694414966","0.1676148796498906","0.0","3","12","false","304","0.534749047453702","SAFB-S604","8.666666666666666","phosphosite","0","3","0","1000","0.6179955814420567","false","0","SAFB-S604","27806","0.3333333333333333","Terminal"
"7.1566579634464755","0.03160959163345579","0.13973002553812477","0.0","3","14","false","305","-0.0649331261574068","SAP18","2.3333333333333335","proteins","0","3","0","138","0.5264109258887326","false","0","SAP18","7682","0.3333333333333333","Steiner"
"10.305483028720626","0.0052287671045616714","0.09703572333417786","0.3333333333333333","4","18","false","306",,"SASH3","2.25","proteins","0","4","0","1000","0.2841936131753364","false","0","SASH3","2024","0.5","Steiner"
"11.302872062663186","0.0","0.08847308847308848","0.0","1","19","false","307","0.641827117476848","SASH3-S243","4.0","phosphosite","0","1","0","1000","0.20747137979513958","false","0","SASH3-S243","0","0.0","Terminal"
"8.798955613577023","0.01279252153105584","0.11364985163204748","0.0","2","15","false","308",,"SDC4","2.5","proteins","0","2","0","4","0.40008033741715204","false","0","SDC4","3096","0.5","Steiner"
"8.72845953002611","0.017087283009391472","0.11456775351480707","0.0","2","16","false","309","-0.103555","SEC13","2.0","proteins","0","2","0","115","0.40550311307491466","false","0","SEC13","5162","0.5","Steiner"
"8.342036553524805","0.055642366676774024","0.11987480438184663","0.0","5","16","false","310","-0.0642761342592592","SEC22B","2.8","proteins","0","5","0","1000","0.4352279574211689","false","0","SEC22B","22540","0.2","Steiner"
"9.339425587467362","0.0","0.10707296617277048","0.0","1","17","false","311","0.376775726273147","SEC22B-S137","5.0","phosphosite","0","1","0","1000","0.35850572404097214","false","0","SEC22B-S137","0","0.0","Terminal"
"8.801566579634464","0.01696598990011426","0.11361613764461585","0.0","2","17","false","312",,"SEC23A","3.5","proteins","0","2","0","115","0.39987949387427196","false","0","SEC23A","5696","0.5","Steiner"
"6.848563968668407","0.09552416966901833","0.14601601219977126","0.0","8","14","false","313","-0.0354983136574067","SF3A1","2.875","proteins","0","8","0","1000","0.5501104639485841","false","0","SF3A1","33708","0.13392857142857142","Steiner"
"7.845953002610966","0.0","0.1274542429284526","0.0","1","15","false","314","0.496950167824071","SF3A1-S329","8.0","phosphosite","0","1","0","1000","0.4733882305683872","false","0","SF3A1-S329","0","0.0","Terminal"
"7.261096605744125","0.026962423260575435","0.13772024451636103","0.0","4","13","false","315",,"SF3A2","5.5","proteins","0","4","0","1000","0.5183771841735288","false","0","SF3A2","9854","0.2647058823529412","Steiner"
"7.563968668407311","0.01526214976332555","0.1322057300655851","0.0","3","14","false","316","-0.0757129155092582","SF3B1","2.6666666666666665","proteins","0","3","0","1000","0.49507933319943764","false","0","SF3B1","4184","0.3333333333333333","Steiner"
"7.563968668407311","0.01393433052469994","0.1322057300655851","0.0","3","14","false","317",,"SHC1","2.6666666666666665","proteins","0","3","0","727","0.49507933319943764","false","0","SHC1","3692","0.3333333333333333","Steiner"
"7.462140992167102","0.032112783188268795","0.13400979706088173","0.0","3","14","false","318",,"SIN3A","4.666666666666667","proteins","0","3","0","238","0.5029122313717613","false","0","SIN3A","7512","0.3333333333333333","Steiner"
"8.211488250652742","0.012831928254740709","0.1217806041335453","0.0","2","15","false","319",,"SKIL","3.5","proteins","0","2","0","996","0.44527013456517367","false","0","SKIL","2914","0.5","Steiner"
"9.2088772845953","0.005635177760722851","0.10859087042812589","0.0","2","16","false","320",,"SLC3A2","2.0","proteins","0","2","0","3","0.36854790118497693","false","0","SLC3A2","1486","0.5","Steiner"
"9.725848563968668","0.003685806156654923","0.10281879194630873","0.0","2","16","false","321",,"SLC7A11","2.5","proteins","0","2","0","3","0.3287808796947178","false","0","SLC7A11","1032","0.5","Steiner"
"8.462140992167102","0.009760625642407665","0.11817340327059549","0.0","2","15","false","322",,"SLC7A5","6.0","proteins","0","2","0","3","0.42598915444868446","false","0","SLC7A5","2408","0.5","Steiner"
"9.007832898172325","0.00871088514418248","0.11101449275362318","0.0","2","16","false","323",,"SMAD3","2.0","proteins","0","2","0","996","0.3840128539867443","false","0","SMAD3","2050","0.5","Steiner"
"6.822454308093994","0.010597436486326894","0.14657481821660928","0.0","3","12","false","324",,"SMARCA4","3.6666666666666665","proteins","0","3","0","1000","0.552118899377385","false","0","SMARCA4","2468","0.3333333333333333","Steiner"
"8.817232375979112","0.01041652427104835","0.11341427302339355","0.0","2","16","false","325","-0.0284499143518525","SNRNP70","2.0","proteins","0","2","0","1000","0.3986744326169914","false","0","SNRNP70","3668","0.5","Steiner"
"7.830287206266319","0.015583776468497531","0.12770923641213738","0.0","2","15","false","326","-0.0468536666666662","SNRPA1","5.0","proteins","0","2","0","1000","0.4745932918256678","false","0","SNRPA1","5496","0.5","Steiner"
"7.809399477806789","0.02337295141896457","0.1280508191240388","0.0","3","15","false","327",,"SNRPG","4.0","proteins","0","3","0","1000","0.47620004016870854","false","0","SNRPG","9252","0.3333333333333333","Steiner"
"6.851174934725848","0.04465244994106339","0.14596036585365854","0.0","4","13","false","328","-0.0112483090277784","SRRM1","2.75","proteins","0","4","0","1000","0.549909620405704","false","0","SRRM1","13280","0.25","Steiner"
"7.114882506527415","0.03904831072654596","0.14055045871559632","0.0","2","14","false","329","0.781557575231479","SRRM1-S450","4.0","phosphosite","0","2","0","1000","0.5296244225748142","false","0","SRRM1-S450","12210","0.5","Terminal"
"6.882506527415144","0.007420873060354694","0.1452959028831563","0.0","2","13","false","330","0.775131284722219","SRRM1-S452","7.5","phosphosite","0","2","0","1000","0.5474994978911428","false","0","SRRM1-S452","1664","0.5","Terminal"
"7.287206266318538","0.0","0.13722680042995342","0.0","1","14","false","331","0.635583999999996","SRRM1-S560","11.0","phosphosite","0","1","0","1000","0.5163687487447278","false","0","SRRM1-S560","0","0.0","Terminal"
"6.616187989556136","0.03304268794453149","0.1511444356748224","0.0","3","12","false","332","0.653183293981478","SRRM1-S562","5.666666666666667","phosphosite","0","3","0","1000","0.5679855392649127","false","0","SRRM1-S562","12150","0.3333333333333333","Terminal"
"7.848563968668407","0.0","0.12741184298070526","0.0","1","14","false","333","0.660542353009256","SRRM1-S740","4.0","phosphosite","0","1","0","1000","0.4731873870255071","false","0","SRRM1-S740","0","0.0","Terminal"
"6.704960835509138","0.06815562863854227","0.14914330218068536","0.0","6","13","false","334",,"SRRM2","4.166666666666667","proteins","0","6","0","1000","0.5611568588069894","false","0","SRRM2","31328","0.19791666666666666","Steiner"
"6.929503916449086","0.007729568547852667","0.14431047475508665","0.0","2","14","false","335","0.567300104166664","SRRM2-S1124","8.5","phosphosite","0","2","0","1000","0.543884314119301","false","0","SRRM2-S1124","5922","0.5769230769230769","Terminal"
"6.929503916449086","0.007729568547852667","0.14431047475508665","0.0","2","14","false","336","0.613587271412035","SRRM2-S1320","8.5","phosphosite","0","2","0","1000","0.543884314119301","false","0","SRRM2-S1320","5922","0.5769230769230769","Terminal"
"6.929503916449086","0.007729568547852667","0.14431047475508665","0.0","2","14","false","337","0.537754383101848","SRRM2-S2426","8.5","phosphosite","0","2","0","1000","0.543884314119301","false","0","SRRM2-S2426","5922","0.5769230769230769","Terminal"
"9.036553524804178","0.02072368870723005","0.11066165848020802","0.0","2","15","false","338","0.11718072337963","SRRT","2.0","proteins","0","2","0","1000","0.3818035750150632","false","0","SRRT","4016","0.5","Steiner"
"7.2297650130548305","0.002832126794917109","0.13831708197905382","0.0","2","13","false","339",,"SSRP1","2.5","proteins","0","2","0","871","0.5207873066880899","false","0","SSRP1","774","0.5","Steiner"
"6.399477806788512","0.017264520156404287","0.15626274989800082","0.0","3","12","false","340","1.07636981655092","SSRP1-S659","5.666666666666667","phosphosite","0","3","0","1000","0.5846555533239607","false","0","SSRP1-S659","4600","0.3333333333333333","Terminal"
"9.778067885117494","0.01041652427104835","0.10226969292389852","0.0","2","17","false","341",,"STRAP","2.0","proteins","0","2","0","1000","0.32476400883711587","false","0","STRAP","4112","0.5","Steiner"
"9.261096605744125","0.01227597976125035","0.10797857344234564","0.0","2","17","false","342",,"STX18","3.5","proteins","0","2","0","160","0.364531030327375","false","0","STX18","4006","0.5","Steiner"
"9.318537859007833","0.020730523696909215","0.10731297282151864","0.3333333333333333","4","17","false","343",,"STX5","3.25","proteins","0","4","0","1000","0.36011247238401284","false","0","STX5","8066","0.375","Steiner"
"7.443864229765013","0.0017841078658816824","0.13433882848123466","0.0","2","13","false","344","-0.0701351099537039","SUPT16H","2.5","proteins","0","2","0","871","0.5043181361719221","false","0","SUPT16H","490","0.5","Steiner"
"7.527415143603133","0.04615069112594844","0.13284772806104753","0.16666666666666666","4","13","false","345",,"TAB2","4.0","proteins","0","4","0","1000","0.497891142799759","false","0","TAB2","13166","0.3181818181818182","Steiner"
"7.911227154046998","0.021188527675958156","0.1264026402640264","0.0","3","14","false","346",,"TAF9","2.6666666666666665","proteins","0","3","0","998","0.4683671419963848","false","0","TAF9","5378","0.3333333333333333","Steiner"
"6.577023498694517","0.03480249809108499","0.1520444620881302","0.0","3","12","false","347","-0.0190787037037034","TALDO1","3.0","proteins","0","3","0","779","0.570998192408114","false","0","TALDO1","9612","0.3333333333333333","Steiner"
"5.892950391644908","0.07660462318517051","0.1696942844483828","0.0","4","11","false","348","0.437721134259256","TALDO1-S237","5.25","phosphosite","0","4","0","1000","0.6236192006426993","false","0","TALDO1-S237","27922","0.265625","Terminal"
"6.180156657963447","0.056556069549073336","0.16180819602872834","0.2","6","12","false","349",,"TERT","4.666666666666667","proteins","0","6","0","1000","0.6015264109258888","false","0","TERT","16494","0.21666666666666667","Steiner"
"8.45691906005222","0.020974409609148578","0.11824637233714108","0.3333333333333333","3","16","false","350",,"TJP1","2.6666666666666665","proteins","0","3","0","181","0.4263908415344446","true","0","TJP1","6342","0.4666666666666667","Steiner"
"7.1122715404699735","0.022900112158925897","0.1406020558002937","0.0","3","13","false","351","-0.226047391203702","TKT","2.3333333333333335","proteins","0","3","0","57","0.5298252661176943","false","0","TKT","7016","0.3333333333333333","Steiner"
"7.234986945169712","0.061560506257921296","0.13821725009022015","0.0","4","13","false","352",,"TOPBP1","3.25","proteins","0","4","0","1000","0.5203856196023298","false","0","TOPBP1","19104","0.28125","Steiner"
"8.673629242819842","0.013920904848481297","0.11529199277543649","0.0","2","15","false","353",,"TP53","4.0","proteins","0","2","0","4","0.40972082747539673","false","0","TP53","3952","0.5","Steiner"
"7.851174934725848","0.0700785795980115","0.12736947123378783","0.0","5","14","false","354",,"TP53BP1","2.2","proteins","0","5","0","1000","0.4729865434826271","false","0","TP53BP1","20006","0.2","Steiner"
"8.848563968668408","0.0","0.1130126881085866","0.0","1","15","false","355","0.386637208333331","TP53BP1-S379","5.0","phosphosite","0","1","0","1000","0.39626431010243013","false","0","TP53BP1-S379","0","0.0","Terminal"
"8.323759791122715","0.03223058911752474","0.12013801756587203","0.0","4","14","false","356",,"TRAF6","3.0","proteins","0","4","0","1000","0.4366338622213296","false","0","TRAF6","10400","0.2857142857142857","Steiner"
"7.527415143603133","0.004136947053495444","0.13284772806104753","0.0","3","14","false","357",,"TXNL4A","4.0","proteins","0","3","0","1000","0.497891142799759","false","0","TXNL4A","1062","0.3333333333333333","Steiner"
"6.984334203655353","0.03425488020615131","0.14317757009345794","0.0","3","14","false","358","0.0423983622685186","U2AF2","3.6666666666666665","proteins","0","3","0","1000","0.539666599718819","false","0","U2AF2","8906","0.3333333333333333","Steiner"
"7.733681462140992","0.006593877281340541","0.12930452397029035","0.0","2","14","false","359",,"UBE2D1","2.5","proteins","0","2","0","3","0.48202450291223137","false","0","UBE2D1","1996","0.5","Steiner"
"7.85378590078329","0.0011753903918271748","0.12732712765957446","0.0","2","15","false","360",,"USP39","5.0","proteins","0","2","0","9","0.47278569993974695","false","0","USP39","244","0.5","Steiner"
"8.156657963446476","0.01790457372384372","0.12259923175416132","0.0","2","15","false","361","0.0336751041666662","VAV1","4.0","proteins","0","2","0","2","0.44948784896565575","false","0","VAV1","4982","0.5","Steiner"
"7.845953002610966","0.01041652427104835","0.1274542429284526","0.0","2","13","false","362","-0.172743270833332","VCP","3.0","proteins","0","2","0","1000","0.4733882305683872","false","0","VCP","2888","0.5","Steiner"
"7.668407310704961","0.023804440964024322","0.13040517534899557","0.0","3","14","false","363",,"WAS","2.6666666666666665","proteins","0","3","0","1000","0.4870455914842338","true","0","WAS","5404","0.3333333333333333","Steiner"
"6.660574412532637","0.12012050277420955","0.15013720109760878","0.0","6","14","false","364",,"WASL","3.3333333333333335","proteins","0","6","0","1000","0.564571199035951","true","0","WASL","34666","0.16666666666666666","Steiner"
"6.851174934725848","0.057216452332325224","0.14596036585365854","0.0","4","13","false","365","0.0910383796296299","WIPF1","3.5","proteins","0","4","0","1000","0.549909620405704","true","0","WIPF1","13962","0.25","Steiner"
"7.848563968668407","0.0","0.12741184298070526","0.0","1","14","false","366","1.26746603877314","WIPF1-S234","4.0","phosphosite","0","1","0","1000","0.4731873870255071","true","0","WIPF1-S234","0","0.0","Terminal"
"9.866840731070496","0.015550794930998058","0.10134956337655464","0.3333333333333333","3","16","false","367",,"WTAP","3.0","proteins","0","3","0","163","0.3179353283791926","false","0","WTAP","3810","0.4444444444444444","Steiner"
"8.015665796344647","0.007460103389867038","0.1247557003257329","0.0","2","13","false","368",,"XPO5","3.5","proteins","0","2","0","997","0.46033340028118097","false","0","XPO5","1486","0.5","Steiner"
"7.467362924281984","0.010295902976996023","0.13391608391608392","0.0","2","14","false","369","0.0284147858796292","YBX1","6.0","proteins","0","2","0","877","0.5025105442860013","false","0","YBX1","2288","0.5","Steiner"
"7.3785900783289815","0.005221932114882507","0.13552724699221516","0.0","2","14","false","370",,"YTHDC1","2.5","proteins","0","2","0","1000","0.5093392247439245","false","0","YTHDC1","1186","0.5","Steiner"
"8.37597911227154","0.0","0.11938902743142145","0.0","1","15","false","371","0.683010081018515","YTHDC1-S308","2.0","phosphosite","0","1","0","1000","0.43261699136372767","false","0","YTHDC1-S308","0","0.0","Terminal"
"7.402088772845953","0.03880580454029252","0.13509700176366843","0.3333333333333333","3","14","false","372",,"ZAP70","6.666666666666667","proteins","0","3","0","1000","0.5075316328580036","false","0","ZAP70","12408","0.3958333333333333","Steiner"
"10.412532637075717","0.015611116427214194","0.0960381143430291","0.16666666666666666","4","16","false","373",,"ZC3H13","2.25","proteins","0","4","0","1000","0.2759590279172525","false","0","ZC3H13","4942","0.35","Steiner"
"11.409921671018276","0.0","0.08764302059496568","0.0","1","17","false","374","0.445504116319442","ZC3H13-S198","4.0","phosphosite","0","1","0","1000","0.19923679453705567","false","0","ZC3H13-S198","0","0.0","Terminal"
"7.0861618798955615","0.05399442175237304","0.14112011790714812","0.0","7","14","false","375",,"ZC3H18","2.857142857142857","proteins","0","7","0","1000","0.5318337015464952","false","0","ZC3H18","19056","0.15476190476190477","Steiner"
"8.08355091383812","0.0","0.1237080103359173","0.0","1","15","false","376","0.482870815972218","ZC3H18-S534","7.0","phosphosite","0","1","0","1000","0.45511146816629844","false","0","ZC3H18-S534","0","0.0","Terminal"
"11.284595300261097","0.005221932114882507","0.0886163813049514","0.0","2","17","false","377",,"ZC3HAV1","1.5","proteins","0","2","0","1000","0.20887728459530022","false","0","ZC3HAV1","1222","0.5","Steiner"
"12.281984334203655","0.0","0.08142006802721088","0.0","1","18","false","378","0.381777488425924","ZC3HAV1-S284","2.0","phosphosite","0","1","0","1000","0.1321550512151035","false","0","ZC3HAV1-S284","0","0.0","Terminal"
"7.45953002610966","0.04373932846551882","0.13405670283514176","0.0","6","13","false","379",,"ZNF740","1.8333333333333333","proteins","0","6","0","1000","0.5031130749146415","false","0","ZNF740","9940","0.16666666666666666","Steiner"
"8.45691906005222","0.0","0.11824637233714108","0.0","1","14","false","380","0.638764340277775","ZNF740-S44","6.0","phosphosite","0","1","0","1000","0.4263908415344446","false","0","ZNF740-S44","0","0.0","Terminal"
"9.809399477806789","0.005221932114882507","0.10194303965930263","0.0","2","17","false","381",,"ZRANB2","1.5","proteins","0","2","0","1000","0.3223538863225547","false","0","ZRANB2","1836","0.5","Steiner"
"10.806788511749348","0.0","0.09253442860594346","0.0","1","18","false","382","0.771066597222218","ZRANB2-S120","2.0","phosphosite","0","1","0","1000","0.24563165294235786","false","0","ZRANB2-S120","0","0.0","Terminal"
"10.122715404699738","0.007737231153222292","0.0987877224658241","0.0","2","18","false","383",,"ZW10","2.0","proteins","0","2","0","160","0.2982526611769432","false","0","ZW10","2272","0.5","Steiner"
